{
	"$schema": "https://biomejs.dev/schemas/1.7.1/schema.json",
	"organizeImports": {
		"enabled": true
	},
	"formatter": {
    "enabled": true,
    "formatWithErrors": false,
    "ignore": [],
    "attributePosition": "auto",
    "indentStyle": "space",
    "indentWidth": 2,
    "lineWidth": 80
	},
	"javascript": {
    "formatter": {
      "arrowParentheses": "always",
      "bracketSameLine": true,
      "bracketSpacing": true,
      "jsxQuoteStyle": "double",
      "quoteProperties": "asNeeded",
			"quoteStyle": "single",
      "semicolons": "asNeeded",
      "trailingComma": "all"
    }
  },
	"linter": {
		"enabled": true,
		"ignore": ["lib/**", "__tests__/**"],
		"rules": {
			"recommended": true
		}
	}
}
