[
  {
    "version": "dev",
    "url": "https://python-visualization.github.io/folium/dev/"
  },
  {
    "version": "latest",
    "url": "https://python-visualization.github.io/folium/v0.17.0/"
  },
  {
    "version": "v0.17.0",
    "url": "https://python-visualization.github.io/folium/v0.17.0/"
  },
  {
    "version": "v0.16.0",
    "url": "https://python-visualization.github.io/folium/v0.16.0/"
  },
  {
    "version": "v0.15.1",
    "url": "https://python-visualization.github.io/folium/v0.15.1/"
  },
  {
    "version": "v0.14.0",
    "url": "https://python-visualization.github.io/folium/version-v0.14.0/"
  },
  {
    "version": "v0.12.1",
    "url": "https://python-visualization.github.io/folium/version-v0.12.1/"
  },
  {
    "version": "v0.12.0",
    "url": "https://python-visualization.github.io/folium/version-v0.12.0/"
  },
  {
    "version": "v0.11.0",
    "url": "https://python-visualization.github.io/folium/version-v0.11.0/"
  },
  {
    "version": "v0.10.1",
    "url": "https://python-visualization.github.io/folium/version-v0.10.1/"
  },
  {
    "version": "v0.10.0",
    "url": "https://python-visualization.github.io/folium/version-v0.10.0/"
  },
  {
    "version": "v0.9.1",
    "url": "https://python-visualization.github.io/folium/version-v0.9.1/"
  },
  {
    "version": "v0.9.0",
    "url": "https://python-visualization.github.io/folium/version-v0.9.0/"
  },
  {
    "version": "v0.8.3",
    "url": "https://python-visualization.github.io/folium/version-v0.8.3/"
  },
  {
    "version": "v0.8.2",
    "url": "https://python-visualization.github.io/folium/version-v0.8.2/"
  },
  {
    "version": "v0.8.1",
    "url": "https://python-visualization.github.io/folium/version-v0.8.1/"
  }
]